"EJ276_50x50_Data/AmBe.dat, x:L [ch] vs y:S [ch]
 "
0.13440860215053752,0.4301075268817205,0.7661290322580645,1.4247311827956985,2.311827956989247,3.6155913978494616,4.78494623655914,6.081989247311828,7.45295698924731,7.977150537634406,0.18817204301075252,0.06048387096774177
0.684927194018103,0.7384494293585202,0.760487996851633,0.7778040141676504,0.782526564344746,0.7872491145218417,0.7951200314836677,0.7951200314836677,0.7793781975600156,0.03951200314836681,0.06155057064147973,0.6125147579693033
