"STNG.dat, x:L [ch] vs y:S [ch]
 "
294.01881720430174,38852.486559139776,38978.494623655904,12222.782258064513,3444.2204301075253,1554.0994623655915,630.0403225806458
0.53272989636626,0.738685556867375,0.7990292535747081,0.7806637806637806,0.7413091958546504,0.6967073330709694,0.6363636363636364
840.0537634408593,2940.18817204301,9996.639784946236,31418.01075268817,33056.115591397844,32510.080645161288,5796.370967741934,1974.126344086022,336.02150537634407,546.0349462365593
0.6796536796536796,0.7491801128164765,0.7819756001574183,0.8147710874983601,0.8265774629410992,0.8541256723074905,0.8974157155975337,0.9735012462285189,0.9839958021776203,0.6967073330709694
882.0564516129034,9996.639784946236,9618.61559139785,2688.1720430107525,1218.0779569892475,1008.0645161290322
0.5392889938344484,0.5943854125672308,0.7596746687655779,0.7229437229437229,0.6796536796536796,0.5392889938344484
